CustomerID,country,recency,frequency,monetary,est_reactivation_value,priority_score,last_purchase
14952,United Kingdom,60,8,8099.49,1012.44,96.29171817058098,2011-10-11 10:33:00
13842,United Kingdom,59,9,3385.62,376.18,94.70333745364647,2011-10-12 10:51:00
12939,United Kingdom,64,6,11581.8,1930.3,94.221260815822,2011-10-06 14:33:00
13047,United Kingdom,57,7,3232.59,461.8,93.831891223733,2011-10-14 11:15:00
12637,France,67,7,5823.9,831.99,93.67119901112486,2011-10-03 13:46:00
14841,United Kingdom,53,6,3295.76,549.29,93.64029666254635,2011-10-17 15:03:00
13552,United Kingdom,66,8,3740.07,467.51,93.53522867737948,2011-10-04 15:19:00
17061,United Kingdom,74,9,5232.2300000000005,581.36,93.03461063040791,2011-09-27 11:24:00
16652,United Kingdom,59,5,6773.97,1354.79,93.00988875154512,2011-10-12 09:38:00
15874,United Kingdom,64,6,4405.88,734.31,92.73794808405438,2011-10-07 12:31:00
14107,United Kingdom,52,7,2703.23,386.18,92.62051915945612,2011-10-19 12:12:00
15505,United Kingdom,53,5,3610.96,722.19,92.49072929542646,2011-10-18 07:56:00
16745,United Kingdom,87,17,7194.3,423.19,92.3053152039555,2011-09-14 11:58:00
13911,United Kingdom,57,9,2580.91,286.77,92.10754017305315,2011-10-13 15:43:00
15606,United Kingdom,61,9,2920.16,324.46,91.82323856613102,2011-10-09 15:47:00
16556,United Kingdom,67,7,3313.79,473.4,91.75525339925834,2011-10-04 11:36:00
17863,United Kingdom,59,6,3160.0,526.67,91.74907292954263,2011-10-11 13:45:00
17819,United Kingdom,72,7,3704.87,529.27,91.63164400494436,2011-09-29 10:52:00
15939,United Kingdom,90,13,6100.01,469.23,91.48331273176761,2011-09-11 11:30:00
14211,United Kingdom,53,9,2241.1,249.01,91.27935723114958,2011-10-17 13:23:00
14101,United Kingdom,74,6,5976.79,996.13,91.13102595797281,2011-09-27 12:28:00
12744,Singapore,56,4,9120.39,2280.1,90.69839307787393,2011-10-14 14:54:00
13520,Switzerland,59,6,2984.35,497.39,90.63658838071693,2011-10-12 10:20:00
15281,United Kingdom,59,9,2332.15,259.13,90.56242274412855,2011-10-12 09:10:00
16316,United Kingdom,64,7,2938.91,419.84,90.49443757725587,2011-10-06 13:48:00
15140,United Kingdom,52,6,2354.25,392.38,90.29048207663783,2011-10-18 14:07:00
15410,United Kingdom,84,8,3450.84,431.36,89.67861557478368,2011-09-16 14:47:00
12359,Cyprus,58,4,6372.58,1593.14,89.67243510506798,2011-10-13 12:47:00
16180,United Kingdom,100,7,10254.18,1464.88,89.41903584672434,2011-08-31 16:28:00
16081,United Kingdom,56,5,2806.9,561.38,89.28924598269468,2011-10-14 13:06:00
16477,United Kingdom,64,7,2494.46,356.35,89.13473423980223,2011-10-07 09:44:00
16131,United Kingdom,52,4,3506.54,876.64,89.12855377008653,2011-10-19 11:53:00
14852,United Kingdom,58,5,2836.69,567.34,88.8195302843016,2011-10-12 13:20:00
14257,United Kingdom,64,5,3099.7200000000003,619.94,88.68355995055623,2011-10-06 16:54:00
13015,United Kingdom,53,4,3346.28,836.57,88.52286773794809,2011-10-17 13:19:00
16928,United Kingdom,80,17,2839.65,167.04,88.5105067985167,2011-09-20 15:10:00
17612,United Kingdom,53,6,2048.45,341.41,87.7070457354759,2011-10-17 14:59:00
18073,United Kingdom,114,10,3877.5200000000004,387.75,87.46600741656366,2011-08-17 14:02:00
14854,United Kingdom,78,7,2759.83,394.26,87.19406674907293,2011-09-22 17:00:00
14639,United Kingdom,52,4,2984.49,746.12,87.08899876390606,2011-10-18 15:06:00
15416,United Kingdom,65,4,3984.32,996.08,87.00247218788628,2011-10-06 09:38:00
18008,United Kingdom,70,8,2116.19,264.52,86.73671199011123,2011-09-30 15:17:00
16182,United Kingdom,72,4,6617.65,1654.41,86.71817058096416,2011-09-28 13:23:00
13265,United Kingdom,53,5,2107.66,421.53,86.55747836835599,2011-10-17 15:02:00
14462,United Kingdom,66,9,1999.02,222.11,86.42150803461062,2011-10-04 15:55:00
14364,United Kingdom,109,7,3717.35,531.05,86.34116192830656,2011-08-23 11:01:00
13027,United Kingdom,114,6,6912.0,1152.0,86.31025957972805,2011-08-18 09:39:00
13901,United Kingdom,72,5,2867.2,573.44,85.98887515451175,2011-09-28 14:48:00
15228,United Kingdom,66,4,3386.71,846.68,85.7663782447466,2011-10-04 13:56:00
17591,United Kingdom,73,7,2225.9700000000003,318.0,85.69839307787393,2011-09-27 13:42:00
15220,United Kingdom,52,6,1778.96,296.49,85.65512978986402,2011-10-19 12:39:00
17050,United Kingdom,96,6,3228.84,538.14,85.54388133498145,2011-09-04 13:48:00
13631,United Kingdom,100,7,3070.42,438.63,85.52533992583436,2011-09-01 09:57:00
15518,United Kingdom,64,7,1942.45,277.49,85.42645241038318,2011-10-06 13:05:00
14844,United Kingdom,64,4,3189.81,797.45,85.3955500618047,2011-10-07 10:41:00
12980,United Kingdom,158,9,7374.900000000001,819.43,85.14833127317677,2011-07-05 09:34:00
13136,United Kingdom,56,4,2607.61,651.9,85.07416563658839,2011-10-14 13:41:00
18094,United Kingdom,82,5,3017.3,603.46,84.76514215080346,2011-09-19 09:28:00
12457,Switzerland,66,6,2043.23,340.54,84.70333745364648,2011-10-04 13:13:00
13505,Switzerland,73,4,3633.63,908.41,84.67861557478369,2011-09-28 11:56:00
13082,United Kingdom,126,7,3613.63,516.23,84.54882571075403,2011-08-05 16:16:00
15827,United Kingdom,73,11,1836.0900000000001,166.92,84.2459826946848,2011-09-27 15:35:00
12836,United Kingdom,59,4,2612.86,653.22,84.22126081582199,2011-10-11 15:10:00
16249,United Kingdom,53,5,1800.07,360.01,84.02348578491964,2011-10-18 10:07:00
17997,United Kingdom,74,8,1970.6699999999998,246.33,84.01730531520396,2011-09-26 16:13:00
15815,United Kingdom,64,5,2100.6,420.12,83.86279357231149,2011-10-07 12:42:00
16455,United Kingdom,64,6,1841.18,306.86,83.77626699629171,2011-10-07 12:17:00
12455,Spain,73,5,2339.86,467.97,83.76390605686032,2011-09-27 15:31:00
15241,United Kingdom,67,8,1756.44,219.56,83.67119901112484,2011-10-04 09:05:00
15491,United Kingdom,95,5,3100.09,620.02,83.65265760197775,2011-09-05 15:56:00
14307,United Kingdom,89,5,2995.72,599.14,83.64029666254635,2011-09-12 09:38:00
13875,United Kingdom,54,5,1786.79,357.36,83.50432632880099,2011-10-17 09:36:00
12843,United Kingdom,66,8,1702.26,212.78,83.46106304079109,2011-10-05 12:09:00
17589,United Kingdom,60,4,2402.92,600.73,83.14585908529048,2011-10-10 16:58:00
14235,United Kingdom,75,4,3144.86,786.22,82.88627935723115,2011-09-25 14:37:00
17509,United Kingdom,58,3,6115.14,2038.38,82.86155747836835,2011-10-13 10:26:00
12520,Germany,79,5,2346.2599999999998,469.25,82.75030902348578,2011-09-21 15:23:00
12502,Spain,96,5,2995.87,599.17,82.663782447466,2011-09-05 11:52:00
17723,United Kingdom,127,6,3276.4000000000005,546.07,82.58961681087763,2011-08-04 18:37:00
14409,United Kingdom,71,5,2059.4500000000003,411.89,82.55253399258345,2011-09-29 18:18:00
16515,United Kingdom,52,5,1627.13,325.43,82.15698393077874,2011-10-18 13:10:00
17284,United Kingdom,60,6,1652.58,275.43,82.14462299134735,2011-10-10 14:38:00
16553,United Kingdom,163,6,5719.82,953.3,82.13226205191594,2011-06-29 15:42:00
13750,United Kingdom,54,5,1647.26,329.45,81.8974042027194,2011-10-17 12:16:00
15379,United Kingdom,169,7,3703.29,529.04,81.76761433868974,2011-06-23 13:13:00
16098,United Kingdom,88,7,2005.63,286.52,81.75525339925834,2011-09-13 09:59:00
15764,United Kingdom,88,4,3279.97,819.99,81.66254635352286,2011-09-12 17:58:00
13317,United Kingdom,66,4,2273.68,568.42,81.19283065512978,2011-10-04 13:35:00
16709,United Kingdom,85,4,3029.87,757.47,80.99505562422745,2011-09-16 10:56:00
14978,United Kingdom,72,5,1931.42,386.28,80.98269468479604,2011-09-28 13:07:00
16940,United Kingdom,52,3,3049.88,1016.63,80.89616810877627,2011-10-18 13:15:00
16681,United Kingdom,73,6,1770.34,295.06,80.89616810877627,2011-09-28 11:11:00
16209,United Kingdom,89,5,2262.62,452.52,80.85908529048208,2011-09-12 11:58:00
13627,United Kingdom,59,5,1638.47,327.69,80.64894932014832,2011-10-11 14:20:00
14541,United Kingdom,59,7,1461.65,208.81,80.54388133498145,2011-10-12 10:08:00
16919,United Kingdom,156,11,2596.45,236.04,80.21631644004944,2011-07-06 13:35:00
16394,United Kingdom,57,5,1555.34,311.07,80.0309023485785,2011-10-14 09:48:00
12613,Germany,57,3,3092.38,1030.79,80.0061804697157,2011-10-13 14:59:00
12633,Germany,59,4,1929.98,482.5,79.9567367119901,2011-10-12 11:40:00
14472,United Kingdom,104,8,1936.84,242.1,79.88875154511743,2011-08-28 11:01:00
15673,United Kingdom,88,4,2881.02,720.26,79.80840543881335,2011-09-12 16:12:00
15299,United Kingdom,67,3,3907.01,1302.34,79.78368355995056,2011-10-03 14:19:00
13491,United Kingdom,52,10,1215.82,121.58,79.76514215080346,2011-10-19 08:32:00
12643,France,128,5,3041.64,608.33,79.74660074165637,2011-08-03 12:56:00
17667,United Kingdom,66,4,2055.51,513.88,79.58590852904821,2011-10-04 14:32:00
16875,United Kingdom,67,4,2095.53,523.88,79.54882571075402,2011-10-03 13:39:00
13373,United Kingdom,61,3,3312.25,1104.08,79.53646477132263,2011-10-10 10:51:00
14175,United Kingdom,60,3,3222.3,1074.1,79.42521631644006,2011-10-11 11:55:00
13093,United Kingdom,276,7,7832.47,1118.92,79.34487021013597,2011-03-09 12:14:00
12409,Switzerland,79,3,11072.67,3690.89,79.14091470951793,2011-09-22 10:38:00
16456,United Kingdom,99,5,2158.37,431.67,78.90605686032139,2011-09-01 13:50:00
16735,United Kingdom,79,4,2300.56,575.14,78.84425216316441,2011-09-22 11:49:00
14565,United Kingdom,96,4,2949.12,737.28,78.81953028430159,2011-09-05 09:07:00
13908,United Kingdom,80,4,2319.55,579.89,78.75772558714462,2011-09-21 11:49:00
18116,United Kingdom,68,8,1414.43,176.8,78.70210135970333,2011-10-03 11:00:00
15674,United Kingdom,73,4,2111.89,527.97,78.68355995055624,2011-09-27 15:17:00
14163,United Kingdom,87,4,2445.91,611.48,78.65883807169345,2011-09-13 15:18:00
13141,United Kingdom,85,4,2388.75,597.19,78.64647713226206,2011-09-16 09:54:00
14665,United Kingdom,61,4,1835.7,458.92,78.62175525339926,2011-10-10 09:14:00
12823,United Kingdom,75,5,1759.5,351.9,78.57231149567366,2011-09-26 07:35:00
16550,United Kingdom,109,5,2298.97,459.79,78.4734239802225,2011-08-23 11:12:00
12473,Germany,54,3,2596.23,865.41,78.41161928306552,2011-10-17 11:27:00
17656,United Kingdom,73,5,1674.69,334.94,78.20148331273178,2011-09-27 13:04:00
14407,United Kingdom,107,5,2142.73,428.55,77.97898640296663,2011-08-24 14:02:00
12360,Austria,52,3,2302.06,767.35,77.92954264524103,2011-10-18 15:22:00
16059,United Kingdom,66,6,1459.8600000000001,243.31,77.84301606922126,2011-10-05 09:56:00
14210,United Kingdom,106,6,1905.8400000000001,317.64,77.76885043263289,2011-08-26 12:36:00
14535,United Kingdom,60,3,2864.19,954.73,77.75648949320149,2011-10-10 15:39:00
15260,United Kingdom,100,6,1810.77,301.8,77.63288009888751,2011-08-31 13:55:00
17873,United Kingdom,80,5,1729.7800000000002,345.96,77.53399258343634,2011-09-20 16:41:00
16395,United Kingdom,61,5,1486.9,297.38,77.336217552534,2011-10-10 12:50:00
17722,United Kingdom,96,4,2424.04,606.01,77.27441285537701,2011-09-04 15:22:00
13869,United Kingdom,123,4,3104.95,776.24,76.99011124845488,2011-08-08 13:53:00
18260,United Kingdom,173,6,2643.2000000000003,440.53,76.9406674907293,2011-06-20 12:37:00
13593,United Kingdom,108,5,2037.0800000000002,407.42,76.66872682323856,2011-08-23 13:35:00
18173,United Kingdom,87,4,2106.84,526.71,76.43386897404201,2011-09-14 11:26:00
14016,EIRE,162,4,4291.21,1072.8,76.42150803461062,2011-07-01 11:29:00
13771,United Kingdom,64,3,2634.45,878.15,76.42150803461062,2011-10-06 14:18:00
17504,United Kingdom,206,6,2997.0299999999997,499.5,76.34734239802225,2011-05-17 12:59:00
13334,United Kingdom,82,3,3536.82,1178.94,76.14956736711991,2011-09-18 15:21:00
13397,United Kingdom,73,5,1544.13,308.83,76.03831891223733,2011-09-28 10:56:00
17400,United Kingdom,126,5,2129.96,425.99,76.00123609394315,2011-08-05 15:38:00
13213,United Kingdom,57,4,1520.58,380.14,75.93943139678615,2011-10-14 11:42:00
13124,United Kingdom,90,3,3866.33,1288.78,75.90234857849197,2011-09-11 12:45:00
18093,United Kingdom,93,4,2106.52,526.63,75.58096415327566,2011-09-07 15:43:00
14414,United Kingdom,92,7,1496.98,213.85,75.46353522867739,2011-09-09 12:09:00
15235,United Kingdom,218,10,2247.51,224.75,75.14215080346106,2011-05-06 09:44:00
15812,United Kingdom,107,5,1801.14,360.23,75.13597033374536,2011-08-24 14:19:00
12916,United Kingdom,139,4,3006.15,751.54,74.93819530284301,2011-07-24 10:35:00
14443,United Kingdom,54,4,1420.2,355.05,74.77750309023486,2011-10-17 10:10:00
13517,United Kingdom,60,3,2128.42,709.47,74.6044499381953,2011-10-11 11:43:00
14970,United Kingdom,68,4,1592.06,398.02,74.51792336217552,2011-10-02 13:44:00
12530,Germany,60,4,1500.28,375.07,74.43139678615576,2011-10-11 12:34:00
16389,United Kingdom,53,4,1382.07,345.52,74.30778739184177,2011-10-17 14:41:00
18171,United Kingdom,59,5,1231.31,246.26,74.221260815822,2011-10-12 09:13:00
13134,United Kingdom,86,4,1793.58,448.4,73.8380716934487,2011-09-15 10:35:00
15128,United Kingdom,60,4,1471.0,367.75,73.81334981458592,2011-10-10 13:54:00
13208,United Kingdom,59,5,1199.42,239.88,73.72682323856611,2011-10-11 16:25:00
15367,United Kingdom,57,3,1877.59,625.86,73.70210135970335,2011-10-13 14:13:00
16184,United Kingdom,64,6,1158.79,193.13,73.64029666254635,2011-10-06 17:43:00
12393,Australia,72,4,1582.6000000000001,395.65,73.61557478368356,2011-09-28 15:41:00
12840,United Kingdom,144,4,2726.77,681.69,73.60321384425217,2011-07-19 09:29:00
15834,United Kingdom,70,3,2231.25,743.75,73.57849196538938,2011-09-30 14:41:00
18242,United Kingdom,72,3,2232.4900000000002,744.16,73.0469715698393,2011-09-28 13:43:00
17262,United Kingdom,52,4,1253.3600000000001,313.34,72.75030902348578,2011-10-18 12:56:00
17894,United Kingdom,72,8,1119.39,139.92,72.54635352286773,2011-09-29 09:23:00
16224,United Kingdom,57,4,1295.3,323.82,72.54017305315203,2011-10-13 17:51:00
15641,United Kingdom,105,4,1887.2,471.8,72.51545117428924,2011-08-26 14:04:00
17457,United Kingdom,127,5,1737.7,347.54,72.2929542645241,2011-08-05 12:48:00
17214,United Kingdom,60,6,1069.1200000000001,178.19,72.00865265760198,2011-10-10 13:17:00
16086,United Kingdom,59,5,1121.39,224.28,71.9344870210136,2011-10-11 13:09:00
14837,United Kingdom,90,4,1649.5,412.38,71.71199011124844,2011-09-11 10:58:00
12463,Belgium,53,4,1200.78,300.2,71.58838071693448,2011-10-17 13:44:00
17648,United Kingdom,61,3,1797.5,599.17,71.44004944375773,2011-10-10 09:41:00
15199,United Kingdom,59,4,1268.7,317.18,71.42768850432633,2011-10-11 15:12:00
18204,United Kingdom,71,3,1993.7,664.57,71.40296662546352,2011-09-29 16:44:00
17230,United Kingdom,264,4,3638.41,909.6,71.36588380716935,2011-03-20 16:12:00
13802,United Kingdom,139,3,4599.42,1533.14,71.21755253399257,2011-07-24 10:54:00
13851,United Kingdom,96,3,2651.46,883.82,71.20519159456119,2011-09-05 12:36:00
14573,United Kingdom,180,8,1653.42,206.68,71.19901112484548,2011-06-13 11:15:00
18231,United Kingdom,192,5,2083.27,416.65,70.98269468479604,2011-05-31 14:18:00
12947,United Kingdom,144,6,1603.99,267.33,70.87144622991347,2011-07-19 10:06:00
15808,United Kingdom,306,4,3734.9700000000003,933.74,70.7601977750309,2011-02-06 14:33:00
14305,United Kingdom,71,3,1858.96,619.65,70.66131025957974,2011-09-29 15:29:00
12348,Finland,75,4,1437.24,359.31,70.46353522867737,2011-09-25 13:13:00
14229,United Kingdom,52,3,1547.2,515.73,70.45117428924598,2011-10-19 10:04:00
17085,United Kingdom,123,5,1566.65,313.33,70.26576019777502,2011-08-08 14:15:00
15596,United Kingdom,101,5,1406.59,281.32,70.0432632880099,2011-08-31 10:55:00
15620,United Kingdom,57,3,1553.18,517.73,69.6229913473424,2011-10-14 12:41:00
18235,United Kingdom,72,3,1796.48,598.83,69.52410383189122,2011-09-29 08:27:00
17337,United Kingdom,151,4,2026.42,506.6,69.43757725587145,2011-07-11 14:55:00
14916,United Kingdom,71,4,1268.98,317.24,69.2521631644005,2011-09-30 09:20:00
15810,United Kingdom,79,4,1391.98,348.0,69.2027194066749,2011-09-22 09:38:00
16493,United Kingdom,80,4,1351.63,337.91,68.4981458590853,2011-09-21 11:10:00
12759,Netherlands,52,3,1411.44,470.48,68.47342398022249,2011-10-18 14:49:00
13162,United Kingdom,122,4,1688.29,422.07,68.47342398022249,2011-08-09 15:59:00
15002,United Kingdom,116,4,1641.76,410.44,68.41161928306552,2011-08-16 10:44:00
14410,United Kingdom,92,7,1104.07,157.72,68.35599505562423,2011-09-08 15:08:00
12868,United Kingdom,186,6,1607.0600000000002,267.84,68.33745364647714,2011-06-07 10:42:00
16984,United Kingdom,88,2,4481.35,2240.68,68.27564894932014,2011-09-12 13:43:00
17787,United Kingdom,153,4,1865.19,466.3,68.18912237330036,2011-07-10 11:24:00
15625,United Kingdom,104,4,1534.26,383.56,68.16440049443757,2011-08-28 10:21:00
13562,United Kingdom,82,3,1799.33,599.78,67.6823238566131,2011-09-19 10:51:00
16370,United Kingdom,82,4,1320.56,330.14,67.63288009888751,2011-09-18 15:55:00
15841,United Kingdom,73,4,1224.06,306.02,67.49690976514215,2011-09-28 12:15:00
17388,United Kingdom,78,4,1259.56,314.89,67.38566131025956,2011-09-23 10:31:00
15549,United Kingdom,77,3,1689.51,563.17,67.336217552534,2011-09-23 16:22:00
12383,Belgium,185,5,1628.56,325.71,67.07663782447466,2011-06-08 08:02:00
15797,United Kingdom,113,3,2192.4,730.8,67.05191594561187,2011-08-18 17:04:00
15996,United Kingdom,88,6,1060.68,176.78,66.94066749072928,2011-09-12 15:14:00
15245,United Kingdom,134,3,2515.84,838.61,66.87886279357231,2011-07-28 18:56:00
17679,United Kingdom,53,2,1992.1100000000001,996.06,66.60692212608159,2011-10-18 07:43:00
18178,United Kingdom,129,4,1590.81,397.7,66.5327564894932,2011-08-03 09:30:00
16503,United Kingdom,107,4,1431.93,357.98,66.22373300370828,2011-08-25 11:46:00
13764,United Kingdom,71,3,1518.76,506.25,66.2113720642769,2011-09-30 12:03:00
13752,United Kingdom,124,6,1186.28,197.71,65.82818294190358,2011-08-07 14:16:00
15706,United Kingdom,64,4,1060.56,265.14,65.7416563658838,2011-10-07 10:09:00
15569,United Kingdom,104,4,1375.71,343.93,65.69221260815823,2011-08-28 10:15:00
15201,United Kingdom,87,4,1236.54,309.14,65.55624227441285,2011-09-13 14:53:00
17848,United Kingdom,81,9,901.1999999999999,100.13,65.29666254635352,2011-09-19 16:49:00
15704,United Kingdom,140,3,2293.62,764.54,65.27194066749072,2011-07-22 13:35:00
14038,United Kingdom,78,3,1560.38,520.13,65.21013597033374,2011-09-22 13:37:00
13320,United Kingdom,78,3,1548.7,516.23,65.02472187886279,2011-09-22 18:07:00
17527,United Kingdom,54,4,939.37,234.84,64.82694684796044,2011-10-17 12:32:00
14078,United Kingdom,102,6,1049.37,174.9,64.75278121137207,2011-08-30 12:16:00
16801,United Kingdom,163,4,1619.73,404.93,64.5920889987639,2011-06-29 15:33:00
14403,United Kingdom,130,4,1475.81,368.95,64.44375772558713,2011-08-01 12:57:00
18239,United Kingdom,219,5,1561.6100000000001,312.32,64.221260815822,2011-05-05 12:38:00
13158,United Kingdom,95,4,1201.06,300.26,64.11001236093942,2011-09-06 11:58:00
12679,France,59,4,951.02,237.76,63.94932014833128,2011-10-12 12:30:00
16040,United Kingdom,65,3,1313.55,437.85,63.93695920889988,2011-10-05 13:47:00
17774,United Kingdom,97,4,1225.41,306.35,63.92459826946848,2011-09-04 12:49:00
16950,United Kingdom,57,3,1178.56,392.85,63.689740420271946,2011-10-14 09:06:00
14461,United Kingdom,148,3,2102.67,700.89,63.4919653893696,2011-07-14 17:11:00
16045,United Kingdom,120,4,1340.7,335.18,63.49196538936959,2011-08-12 12:41:00
14758,United Kingdom,145,4,1484.06,371.02,63.40543881334981,2011-07-18 08:21:00
12754,Japan,236,3,3010.74,1003.58,63.28182941903585,2011-04-18 09:00:00
16027,United Kingdom,92,6,934.62,155.77,63.12113720642769,2011-09-09 10:47:00
16266,United Kingdom,74,6,861.89,143.65,63.071693448702106,2011-09-27 12:08:00
12853,United Kingdom,135,3,1957.1000000000001,652.37,63.0593325092707,2011-07-28 11:29:00
17002,United Kingdom,86,3,1493.73,497.91,62.94808405438813,2011-09-15 12:40:00
14201,United Kingdom,60,7,747.44,106.78,62.90482076637824,2011-10-10 13:27:00
14045,United Kingdom,109,3,1659.75,553.25,62.68850432632881,2011-08-22 15:27:00
16172,United Kingdom,95,4,1140.21,285.05,62.50309023485785,2011-09-05 13:22:00
15062,United Kingdom,71,4,987.86,246.96,62.39184177997528,2011-09-29 16:51:00
13425,United Kingdom,108,3,1624.21,541.4,62.243510506798515,2011-08-23 17:13:00
14976,United Kingdom,57,5,774.86,154.97,62.23114956736712,2011-10-13 16:33:00
14745,United Kingdom,113,4,1220.26,305.06,62.11990111248454,2011-08-19 10:05:00
18168,United Kingdom,176,6,1169.94,194.99,61.97156983930778,2011-06-16 19:21:00
15306,United Kingdom,64,3,1174.35,391.45,61.83559950556242,2011-10-06 12:56:00
16770,United Kingdom,58,5,770.1,154.02,61.810877626699636,2011-10-13 12:21:00
15122,United Kingdom,114,3,1633.78,544.59,61.773794808405434,2011-08-17 16:48:00
17027,United Kingdom,79,5,890.29,178.06,61.48949320148331,2011-09-22 12:24:00
12854,United Kingdom,79,3,1324.5,441.5,61.46477132262053,2011-09-22 12:15:00
17282,United Kingdom,130,3,1703.41,567.8,61.341161928306555,2011-08-01 14:29:00
16621,United Kingdom,52,4,813.48,203.37,61.13102595797281,2011-10-19 11:38:00
14828,United Kingdom,197,3,2139.76,713.25,61.05686032138442,2011-05-27 10:16:00
12758,Portugal,117,2,2791.59,1395.8,60.7972805933251,2011-08-15 10:22:00
15304,United Kingdom,61,8,694.4000000000001,86.8,60.74165636588381,2011-10-10 10:23:00
12372,Denmark,72,3,1196.04,398.68,60.62422744128554,2011-09-29 12:12:00
17585,United Kingdom,109,4,1133.07,283.27,60.59950556242275,2011-08-22 13:30:00
15038,United Kingdom,59,6,705.49,117.58,60.4140914709518,2011-10-12 11:33:00
17802,United Kingdom,82,3,1285.04,428.35,60.389369592089004,2011-09-18 14:56:00
14930,Channel Islands,109,2,2372.86,1186.43,60.31520395550063,2011-08-23 10:31:00
16175,United Kingdom,94,4,1037.59,259.4,60.067985166872674,2011-09-06 14:32:00
17731,United Kingdom,79,3,1240.11,413.37,60.043263288009896,2011-09-21 15:02:00
15730,United Kingdom,66,3,1120.88,373.63,59.98145859085291,2011-10-05 12:31:00
13475,United Kingdom,191,4,1431.78,357.94,59.96909765142151,2011-06-01 13:52:00
13591,United Kingdom,65,3,1117.13,372.38,59.91965389369592,2011-10-06 12:26:00
12688,Israel,114,1,4873.8099999999995,4873.81,59.6291718170581,2011-08-18 08:49:00
16755,United Kingdom,114,3,1496.83,498.94,59.548825710754016,2011-08-17 13:21:00
12722,France,85,4,979.63,244.91,59.548825710754016,2011-09-15 14:50:00
15749,United Kingdom,235,2,44534.3,22267.15,59.487021013597044,2011-04-18 13:20:00
16419,United Kingdom,113,5,972.23,194.45,59.474660074165634,2011-08-19 12:33:00
15312,United Kingdom,75,4,924.85,231.21,59.462299134734245,2011-09-25 13:10:00
14246,United Kingdom,111,3,1474.06,491.35,59.400494437577265,2011-08-21 11:50:00
14344,United Kingdom,127,8,889.9300000000001,111.24,59.344870210135966,2011-08-04 13:51:00
16470,United Kingdom,52,4,762.39,190.6,59.2150803461063,2011-10-19 12:11:00
14514,United Kingdom,61,3,1055.35,351.78,59.20271940667491,2011-10-09 16:05:00
13515,United Kingdom,73,4,891.12,222.78,59.02966625463535,2011-09-28 11:26:00
15095,United Kingdom,104,3,1370.6,456.87,58.8813349814586,2011-08-28 12:01:00
14775,United Kingdom,58,3,1011.9,337.3,58.881334981458586,2011-10-12 15:27:00
17921,United Kingdom,64,4,826.52,206.63,58.881334981458586,2011-10-06 18:56:00
12412,Denmark,75,3,1142.88,380.96,58.770086526576016,2011-09-26 10:16:00
17083,United Kingdom,109,3,1405.78,468.59,58.671199011124855,2011-08-22 15:43:00
13848,United Kingdom,92,3,1255.0,418.33,58.60939431396787,2011-09-08 12:58:00
14224,United Kingdom,110,4,1050.12,262.53,58.49814585908529,2011-08-21 13:24:00
17058,United Kingdom,82,3,1179.89,393.3,58.47342398022249,2011-09-19 10:13:00
13722,United Kingdom,132,2,2375.41,1187.7,58.22620519159456,2011-07-31 12:44:00
12924,United Kingdom,88,4,925.75,231.44,57.867737948084056,2011-09-12 13:55:00
13486,United Kingdom,78,3,1122.41,374.14,57.85537700865265,2011-09-22 13:13:00
12378,Switzerland,130,1,4008.62,4008.62,57.83683559950556,2011-08-02 10:34:00
14973,United Kingdom,107,3,1314.45,438.15,57.74412855377008,2011-08-24 15:51:00
15032,United Kingdom,256,2,4959.1,2479.55,57.533992583436344,2011-03-28 15:03:00
16842,United Kingdom,101,3,1264.19,421.4,57.533992583436344,2011-08-31 10:42:00
13611,United Kingdom,89,3,1171.8,390.6,57.47218788627936,2011-09-11 14:51:00
13748,United Kingdom,96,4,948.25,237.06,57.37330037082818,2011-09-05 09:45:00
17588,United Kingdom,100,3,1240.2,413.4,57.29913473423981,2011-08-31 13:37:00
14561,United Kingdom,76,3,1080.76,360.25,57.150803461063035,2011-09-25 12:39:00
15421,United Kingdom,59,3,950.36,316.79,57.138442521631646,2011-10-12 09:20:00
12399,Belgium,119,4,1033.65,258.41,57.076637824474666,2011-08-12 13:15:00
17444,Canada,152,2,2389.1,1194.55,57.01483312731768,2011-07-11 10:33:00
17724,United Kingdom,71,3,1033.0,344.33,57.002472187886276,2011-09-29 15:26:00
15716,United Kingdom,146,4,1118.81,279.7,56.99011124845488,2011-07-17 11:59:00
16317,United Kingdom,120,3,1341.65,447.22,56.80469715698393,2011-08-12 12:46:00
13952,United Kingdom,218,2,3251.07,1625.54,56.59456118665018,2011-05-06 09:00:00
17905,United Kingdom,71,4,800.24,200.06,56.582200247218786,2011-09-29 17:33:00
17320,United Kingdom,100,3,1200.6200000000001,400.21,56.557478368355994,2011-08-31 13:31:00
17204,United Kingdom,175,3,1564.56,521.52,56.334981458590846,2011-06-17 14:46:00
12755,Japan,281,2,3811.95,1905.98,56.297898640296665,2011-03-04 12:42:00
15098,United Kingdom,182,1,39916.5,39916.5,56.205191594561185,2011-06-10 15:33:00
13414,United Kingdom,134,3,1390.5,463.5,56.1866501854141,2011-07-29 11:45:00
13330,United Kingdom,93,3,1140.93,380.31,56.1619283065513,2011-09-08 12:27:00
17552,United Kingdom,60,3,930.41,310.14,56.063040791100114,2011-10-10 17:00:00
13220,United Kingdom,78,4,819.2900000000001,204.82,56.01359703337453,2011-09-22 13:38:00
12653,Israel,149,2,2209.85,1104.92,55.914709517923356,2011-07-14 10:41:00
17850,United Kingdom,372,2,5391.21,2695.6,55.815822002472196,2010-12-02 15:27:00
15658,United Kingdom,190,5,1024.1000000000001,204.82,55.46971569839309,2011-06-02 15:22:00
16889,United Kingdom,195,3,1578.67,526.22,55.42027194066749,2011-05-29 11:05:00
13814,Germany,92,2,1579.12,789.56,55.3708281829419,2011-09-08 13:48:00
15665,United Kingdom,168,2,2242.01,1121.01,55.13597033374536,2011-06-24 14:57:00
17770,United Kingdom,199,4,1143.27,285.82,54.765142150803456,2011-05-25 12:34:00
14276,United Kingdom,99,3,1119.74,373.25,54.71569839307787,2011-09-02 09:45:00
12590,Germany,211,1,9341.26,9341.26,54.53646477132262,2011-05-12 14:46:00
16951,United Kingdom,135,3,1277.75,425.92,54.530284301606926,2011-07-28 12:05:00
17560,United Kingdom,95,4,854.95,213.74,54.46847960444994,2011-09-06 09:18:00
12635,Germany,90,2,1509.18,754.59,54.43139678615575,2011-09-11 11:04:00
13492,Switzerland,136,3,1269.84,423.28,54.33250927070456,2011-07-26 14:25:00
12728,France,71,4,728.33,182.08,54.233621755253395,2011-09-29 15:31:00
17311,United Kingdom,78,2,1384.85,692.42,54.184177997527804,2011-09-22 14:11:00
17064,United Kingdom,59,3,859.35,286.45,54.171817058096416,2011-10-12 10:18:00
13637,United Kingdom,52,3,809.25,269.75,54.07292954264524,2011-10-18 13:32:00
17033,United Kingdom,86,3,1030.14,343.38,54.04820766378244,2011-09-14 14:34:00
15400,United Kingdom,92,5,716.2,143.24,53.87515451174289,2011-09-08 13:57:00
14475,United Kingdom,72,3,925.85,308.62,53.82571075401731,2011-09-29 10:46:00
14584,United Kingdom,169,4,1042.26,260.56,53.80098887515451,2011-06-23 18:33:00
12625,Germany,212,2,2413.82,1206.91,53.80098887515451,2011-05-12 09:54:00
12609,Germany,78,3,964.85,321.62,53.467243510506805,2011-09-22 16:34:00
17353,United Kingdom,129,2,1740.0,870.0,53.4548825710754,2011-08-02 17:19:00
14959,United Kingdom,64,4,695.42,173.86,53.442521631644,2011-10-06 18:23:00
14740,United Kingdom,197,3,1448.21,482.74,53.14585908529048,2011-05-26 18:17:00
14918,United Kingdom,116,2,1610.15,805.08,52.923362175525334,2011-08-16 11:50:00
17180,United Kingdom,56,3,796.03,265.34,52.86155747836836,2011-10-14 15:46:00
15831,United Kingdom,58,3,801.76,267.25,52.57725587144624,2011-10-12 13:14:00
14223,United Kingdom,92,3,991.13,330.38,52.181705809641535,2011-09-08 13:38:00
12710,Germany,97,3,1023.02,341.01,52.16934487021013,2011-09-04 12:00:00
15581,United Kingdom,156,9,721.63,80.18,52.00865265760197,2011-07-06 14:04:00
15108,European Community,142,3,1159.25,386.42,51.885043263288,2011-07-21 10:24:00
16730,United Kingdom,52,3,743.11,247.7,51.847960444993824,2011-10-18 14:11:00
15164,United Kingdom,69,3,843.05,281.02,51.68726823238566,2011-10-02 12:05:00
16398,United Kingdom,154,2,1705.8,852.9,51.489493201483306,2011-07-08 15:16:00
13038,United Kingdom,80,3,908.46,302.82,51.427688504326326,2011-09-20 14:37:00
13135,United Kingdom,197,1,3096.0,3096.0,51.37206427688504,2011-05-27 10:52:00
15799,United Kingdom,76,3,884.14,294.71,51.341161928306555,2011-09-25 12:46:00
14875,United Kingdom,108,2,1465.3200000000002,732.66,51.341161928306555,2011-08-24 12:20:00
15508,United Kingdom,189,4,1000.27,250.07,51.18046971569839,2011-06-03 15:43:00
16122,United Kingdom,73,4,684.4200000000001,171.1,50.99505562422743,2011-09-27 15:34:00
17460,United Kingdom,94,6,622.4300000000001,103.74,50.90852904820766,2011-09-06 15:04:00
16806,United Kingdom,103,4,775.54,193.88,50.88380716934488,2011-08-28 15:27:00
18136,United Kingdom,63,3,784.33,261.44,50.84672435105069,2011-10-07 15:40:00
16203,United Kingdom,59,4,592.9,148.22,50.84672435105069,2011-10-12 12:31:00
16807,United Kingdom,143,3,1121.59,373.86,50.7231149567367,2011-07-20 12:00:00
16774,United Kingdom,68,4,661.52,165.38,50.66131025957973,2011-10-03 12:41:00
13715,United Kingdom,281,4,1079.34,269.83,50.648949320148326,2011-03-03 19:21:00
16206,United Kingdom,55,4,537.0600000000001,134.27,50.62422744128554,2011-10-16 10:41:00
15192,United Kingdom,120,3,1044.32,348.11,50.50061804697157,2011-08-12 11:41:00
13662,United Kingdom,86,3,897.76,299.25,50.40173053152039,2011-09-15 12:04:00
13791,United Kingdom,128,2,1516.0,758.0,50.27812113720642,2011-08-04 11:44:00
16083,United Kingdom,101,2,1317.62,658.81,50.09270704573547,2011-08-31 10:47:00
16698,United Kingdom,227,2,1998.0,999.0,49.9814585908529,2011-04-27 10:52:00
13720,United Kingdom,117,4,799.9,199.98,49.894932014833124,2011-08-15 12:46:00
17268,United Kingdom,108,4,763.64,190.91,49.77132262051916,2011-08-24 10:06:00
16551,United Kingdom,96,3,922.12,307.37,49.635352286773795,2011-09-05 09:38:00
12507,Spain,134,3,1052.81,350.94,49.635352286773795,2011-07-28 17:09:00
17788,United Kingdom,74,2,1112.95,556.48,49.635352286773795,2011-09-27 10:09:00
15372,United Kingdom,137,1,2007.3999999999999,2007.4,49.53028430160692,2011-07-25 16:39:00
13092,United Kingdom,71,5,477.83,95.57,49.42521631644005,2011-09-30 11:18:00
17406,United Kingdom,333,2,2200.42,1100.21,49.37577255871446,2011-01-10 15:07:00
13931,United Kingdom,96,2,1237.53,618.76,49.2398022249691,2011-09-05 10:12:00
17734,United Kingdom,54,3,700.63,233.54,49.17799752781211,2011-10-17 12:33:00
13865,United Kingdom,58,4,501.56,125.39,49.128553770086526,2011-10-12 13:31:00
18087,United Kingdom,291,1,3202.9199999999996,3202.92,49.03584672435105,2011-02-22 10:43:00
15855,United Kingdom,137,5,712.24,142.45,48.91841779975278,2011-07-26 10:20:00
16174,United Kingdom,126,3,1009.5500000000001,336.52,48.8442521631644,2011-08-05 13:26:00
16902,United Kingdom,116,1,1706.88,1706.88,48.8257107540173,2011-08-15 14:17:00
15734,United Kingdom,115,2,1339.45,669.72,48.78244746600742,2011-08-17 10:50:00
16572,United Kingdom,127,3,1009.6,336.53,48.78244746600742,2011-08-04 16:34:00
14352,United Kingdom,157,3,1078.96,359.65,48.776266996291724,2011-07-05 15:41:00
17152,United Kingdom,195,2,1689.5,844.75,48.72064276885043,2011-05-29 12:19:00
18189,United Kingdom,78,2,1090.24,545.12,48.683559950556244,2011-09-23 12:40:00
12585,Germany,234,2,1824.1,912.05,48.64647713226205,2011-04-19 13:39:00
14609,United Kingdom,72,4,601.56,150.39,48.58467243510507,2011-09-28 12:54:00
14006,United Kingdom,116,3,962.19,320.73,48.55995055624228,2011-08-16 09:39:00
15265,United Kingdom,151,2,1506.1200000000001,753.06,48.51050679851669,2011-07-11 14:46:00
15756,United Kingdom,61,4,532.96,133.24,48.461063040791096,2011-10-09 13:30:00
16136,United Kingdom,60,3,709.38,236.46,48.21384425216317,2011-10-11 09:10:00
13744,United Kingdom,95,2,1156.36,578.18,48.127317676143385,2011-09-05 15:19:00
15133,United Kingdom,128,3,982.42,327.47,48.0778739184178,2011-08-04 10:44:00
14267,United Kingdom,163,2,1516.24,758.12,47.929542645241035,2011-06-30 10:09:00
13376,United Kingdom,99,3,869.76,289.92,47.793572311495666,2011-09-01 16:16:00
17047,United Kingdom,85,2,1100.9,550.45,47.76885043263288,2011-09-15 13:27:00
14532,United Kingdom,236,4,932.85,233.21,47.7194066749073,2011-04-17 13:05:00
16214,United Kingdom,171,3,1062.75,354.25,47.64524103831891,2011-06-22 11:30:00
14245,United Kingdom,220,2,1693.45,846.72,47.49690976514215,2011-05-04 08:40:00
17048,United Kingdom,118,3,925.35,308.45,47.32385661310259,2011-08-14 11:49:00
14459,United Kingdom,155,1,1837.92,1837.92,47.28059332509271,2011-07-07 13:35:00
12669,France,151,2,1427.73,713.86,47.27441285537701,2011-07-12 09:54:00
14442,Channel Islands,205,2,1589.82,794.91,46.76761433868974,2011-05-19 11:36:00
17692,United Kingdom,127,4,725.5799999999999,181.4,46.75525339925834,2011-08-04 14:01:00
17126,United Kingdom,152,3,1004.75,334.92,46.718170580964156,2011-07-10 13:52:00
16882,United Kingdom,67,3,705.12,235.04,46.532756489493195,2011-10-04 10:42:00
13659,United Kingdom,206,2,1573.2,786.6,46.470951792336216,2011-05-18 12:37:00
16725,United Kingdom,302,6,779.57,129.93,46.35970333745365,2011-02-10 16:52:00
18232,United Kingdom,82,4,592.97,148.24,46.310259579728054,2011-09-19 11:49:00
14439,Greece,320,1,2661.24,2661.24,46.205191594561185,2011-01-24 11:39:00
12693,Germany,127,4,711.91,177.98,46.19901112484549,2011-08-04 17:51:00
14161,United Kingdom,216,3,1110.52,370.17,46.12484548825711,2011-05-08 11:41:00
16520,United Kingdom,186,3,1046.57,348.86,46.025957972805934,2011-06-06 13:24:00
13850,United Kingdom,129,1,1595.48,1595.48,46.01977750309024,2011-08-02 14:04:00
15181,United Kingdom,66,3,689.4799999999999,229.83,45.95179233621756,2011-10-04 13:58:00
16906,United Kingdom,82,4,579.77,144.94,45.87762669962917,2011-09-19 11:49:00
17242,United Kingdom,108,2,1135.04,567.52,45.778739184177994,2011-08-23 14:55:00
13240,United Kingdom,96,4,648.7,162.18,45.754017305315195,2011-09-04 14:08:00
12424,Australia,163,1,1760.96,1760.96,45.7478368355995,2011-06-30 12:06:00
17169,United Kingdom,58,2,835.78,417.89,45.568603213844256,2011-10-13 10:25:00
12413,France,67,3,686.1,228.7,45.543881334981464,2011-10-04 09:00:00
16244,United Kingdom,212,2,1522.75,761.38,45.457354758961685,2011-05-12 10:18:00
17597,United Kingdom,214,1,2044.3700000000001,2044.37,45.3770086526576,2011-05-10 11:54:00
14566,Channel Islands,111,1,1432.0,1432.0,45.080346106304084,2011-08-21 11:05:00
15146,United Kingdom,165,2,1327.16,663.58,45.04944375772559,2011-06-28 12:09:00
13819,United Kingdom,302,3,1140.35,380.12,44.87639060568603,2011-02-11 10:38:00
17594,United Kingdom,85,2,993.18,496.59,44.86402966625464,2011-09-15 16:34:00
14880,United Kingdom,77,3,706.19,235.4,44.71569839307787,2011-09-23 13:42:00
15985,United Kingdom,123,2,1142.42,571.21,44.56736711990111,2011-08-08 16:31:00
15332,Lithuania,366,2,1661.06,830.53,44.49320148331273,2010-12-08 14:43:00
12967,United Kingdom,358,2,1660.9,830.45,44.49320148331273,2010-12-16 19:10:00
16092,United Kingdom,115,3,817.86,272.62,44.48084054388134,2011-08-17 10:46:00
16475,United Kingdom,88,4,544.3,136.07,44.45611866501854,2011-09-12 14:37:00
17994,United Kingdom,122,4,678.49,169.62,44.36959208899876,2011-08-10 11:41:00
14529,United Kingdom,60,3,620.04,206.68,44.32014833127318,2011-10-10 15:27:00
13037,United Kingdom,138,3,881.07,293.69,44.30778739184178,2011-07-24 15:46:00
16584,United Kingdom,80,2,936.08,468.04,44.29542645241038,2011-09-20 13:45:00
17370,United Kingdom,73,4,446.18,111.54,44.258343634116194,2011-09-28 10:14:00
15048,United Kingdom,65,4,384.05,96.01,44.04820766378245,2011-10-05 14:55:00
17553,United Kingdom,130,1,1487.6,1487.6,43.99258343634116,2011-08-02 10:00:00
13487,United Kingdom,58,3,575.4,191.8,43.98640296662546,2011-10-13 12:07:00
18202,United Kingdom,200,2,1396.99,698.5,43.91223733003708,2011-05-24 12:12:00
18228,United Kingdom,57,2,779.9,389.95,43.88751545117429,2011-10-14 09:21:00
13301,United Kingdom,104,4,600.19,150.05,43.87515451174289,2011-08-28 11:25:00
15777,United Kingdom,241,3,1047.11,349.04,43.77626699629171,2011-04-12 16:43:00
13280,United Kingdom,122,3,814.86,271.62,43.67737948084054,2011-08-09 13:14:00
13741,United Kingdom,72,3,668.4300000000001,222.81,43.50432632880099,2011-09-29 09:19:00
15071,United Kingdom,94,2,982.07,491.04,43.40543881334982,2011-09-07 11:43:00
16872,United Kingdom,77,3,680.02,226.67,43.170580964153274,2011-09-23 16:05:00
13249,United Kingdom,92,3,711.41,237.14,43.15822002472188,2011-09-08 13:26:00
12377,Switzerland,315,2,1548.12,774.06,43.02224969097651,2011-01-28 15:45:00
14231,United Kingdom,184,3,925.71,308.57,43.00988875154512,2011-06-09 11:05:00
17646,United Kingdom,219,3,1008.39,336.13,42.99752781211372,2011-05-04 13:17:00
17146,United Kingdom,106,3,749.78,249.93,42.97280593325093,2011-08-26 12:44:00
15057,United Kingdom,275,2,1489.5,744.75,42.89864029666255,2011-03-09 15:17:00
16385,United Kingdom,60,3,555.89,185.3,42.65142150803461,2011-10-10 13:12:00
13476,United Kingdom,179,2,1238.47,619.24,42.614338689740414,2011-06-14 12:00:00
14818,United Kingdom,74,3,657.8,219.27,42.42892459826947,2011-09-27 11:01:00
12501,Germany,337,1,2025.39,2025.39,42.2991347342398,2011-01-07 12:28:00
16306,United Kingdom,214,6,632.27,105.38,42.26823238566131,2011-05-10 12:12:00
15813,United Kingdom,208,2,1303.9099999999999,651.95,42.26823238566131,2011-05-16 08:13:00
17505,United Kingdom,162,2,1145.84,572.92,42.14462299134734,2011-07-01 12:50:00
16696,United Kingdom,135,4,657.9000000000001,164.48,42.11990111248455,2011-07-27 14:23:00
16152,United Kingdom,269,1,1829.04,1829.04,42.10135970333745,2011-03-16 09:47:00
16754,United Kingdom,372,1,2002.4,2002.4,41.891223733003706,2010-12-02 17:38:00
13122,United Kingdom,94,2,922.39,461.2,41.798516687268226,2011-09-06 15:53:00
14803,United Kingdom,162,3,845.55,281.85,41.73671199011125,2011-06-30 13:58:00
15624,United Kingdom,117,4,588.13,147.03,41.73671199011125,2011-08-15 11:38:00
17934,United Kingdom,52,2,704.25,352.12,41.625463535228675,2011-10-19 11:16:00
15938,United Kingdom,112,5,404.58,80.92,41.32880098887515,2011-08-19 12:56:00
14346,United Kingdom,121,2,1021.58,510.79,41.316440049443756,2011-08-11 09:47:00
13192,United Kingdom,95,2,911.94,455.97,41.26699629171817,2011-09-05 14:13:00
12405,Finland,149,1,1390.39,1390.39,41.248454882571075,2011-07-14 08:52:00
18265,United Kingdom,72,2,801.51,400.76,41.19283065512979,2011-09-28 14:10:00
14935,Channel Islands,297,1,1784.71,1784.71,41.10012360939431,2011-02-15 14:44:00
15364,United Kingdom,96,2,913.19,456.6,41.08158220024721,2011-09-05 09:46:00
14212,United Kingdom,90,1,1070.48,1070.48,41.06304079110012,2011-09-11 12:45:00
18143,United Kingdom,117,2,1000.16,500.08,40.89616810877627,2011-08-15 12:07:00
13925,United Kingdom,93,3,678.25,226.08,40.834363411619286,2011-09-08 12:47:00
12422,Australia,96,3,683.5600000000001,227.85,40.67367119901112,2011-09-05 09:48:00
14669,United Kingdom,242,2,1269.99,635.0,40.63658838071693,2011-04-12 11:43:00
16233,United Kingdom,71,3,536.6800000000001,178.89,40.562422744128554,2011-09-29 17:27:00
15653,United Kingdom,93,2,877.4399999999999,438.72,40.562422744128554,2011-09-08 10:49:00
15079,United Kingdom,213,3,895.61,298.54,40.41409147095179,2011-05-11 12:45:00
16342,United Kingdom,75,4,322.41,80.6,40.3646477132262,2011-09-25 14:36:00
16654,United Kingdom,141,4,601.27,150.32,40.32756489493202,2011-07-21 15:23:00
15644,United Kingdom,166,3,813.0,271.0,40.315203955500614,2011-06-26 14:54:00
14692,United Kingdom,137,4,591.55,147.89,40.25339925834363,2011-07-25 15:08:00
17980,United Kingdom,166,3,811.45,270.48,40.25339925834363,2011-06-27 12:01:00
13959,United Kingdom,79,3,598.2,199.4,40.20395550061805,2011-09-21 15:06:00
13489,United Kingdom,105,4,449.52,112.38,40.06798516687268,2011-08-26 13:16:00
13539,United Kingdom,86,3,631.34,210.45,40.01854140914709,2011-09-15 10:18:00
13655,United Kingdom,114,2,932.97,466.48,39.93201483312732,2011-08-17 14:25:00
13827,United Kingdom,58,3,412.05,137.35,39.90729295426453,2011-10-13 12:38:00
17572,United Kingdom,71,4,226.75000000000003,56.69,39.77132262051916,2011-09-29 17:53:00
12764,Lebanon,317,1,1693.88,1693.88,39.71569839307787,2011-01-27 10:19:00
16624,United Kingdom,81,2,810.5699999999999,405.28,39.69715698393078,2011-09-20 12:39:00
15440,United Kingdom,55,3,383.68,127.89,39.610630407911,2011-10-16 12:16:00
14127,United Kingdom,123,3,709.71,236.57,39.40049443757726,2011-08-09 10:49:00
16816,United Kingdom,103,4,417.06,104.26,39.326328800988875,2011-08-28 14:16:00
15004,United Kingdom,147,1,1245.93,1245.93,39.221260815822,2011-07-15 14:05:00
13946,United Kingdom,79,3,561.5699999999999,187.19,39.215080346106305,2011-09-21 13:33:00
17869,United Kingdom,107,4,428.18,107.04,39.215080346106305,2011-08-24 16:16:00
13253,United Kingdom,157,2,1030.4,515.2,39.017305315203956,2011-07-06 10:09:00
16734,United Kingdom,52,2,650.51,325.26,38.90605686032138,2011-10-18 13:44:00
16589,United Kingdom,71,3,459.24,153.08,38.708281829419036,2011-09-29 14:50:00
18142,United Kingdom,157,2,1019.52,509.76,38.58467243510507,2011-07-05 13:19:00
16320,Unspecified,172,2,1038.46,519.23,38.49814585908529,2011-06-20 15:25:00
15036,United Kingdom,72,3,465.55,155.18,38.49814585908529,2011-09-28 15:42:00
12601,Germany,190,5,487.06,97.41,38.288009888751546,2011-06-03 10:17:00
14177,United Kingdom,86,3,559.41,186.47,38.226205191594566,2011-09-14 15:11:00
17483,United Kingdom,65,3,414.04,138.01,38.226205191594566,2011-10-05 13:10:00
16943,United Kingdom,212,3,816.73,272.24,38.18912237330038,2011-05-12 11:57:00
16146,United Kingdom,157,3,734.13,244.71,38.05315203955501,2011-07-05 14:20:00
12857,United Kingdom,211,2,1106.4,553.2,38.053152039555,2011-05-13 10:20:00
18017,United Kingdom,81,3,523.0,174.33,37.867737948084056,2011-09-19 16:15:00
13572,United Kingdom,206,1,1384.25,1384.25,37.861557478368354,2011-05-18 11:59:00
17462,United Kingdom,60,2,675.69,337.84,37.80593325092707,2011-10-10 13:56:00
18160,United Kingdom,57,2,638.0600000000001,319.03,37.64524103831891,2011-10-13 15:50:00
12770,Japan,211,1,1351.45,1351.45,37.41656365883807,2011-05-13 09:33:00
16037,United Kingdom,270,3,855.02,285.01,37.41038318912238,2011-03-15 09:13:00
16692,United Kingdom,256,2,1126.0,563.0,37.262051915945605,2011-03-28 14:46:00
12942,United Kingdom,131,3,683.9,227.97,37.12608158220025,2011-07-31 14:39:00
13564,United Kingdom,354,2,1198.38,599.19,37.11372064276885,2010-12-20 16:50:00
17398,United Kingdom,115,3,653.38,217.79,37.06427688504327,2011-08-17 09:48:00
15100,United Kingdom,334,3,876.0,292.0,36.891223733003706,2011-01-10 10:35:00
12739,United Arab Emirates,99,1,975.54,975.54,36.87268232385662,2011-09-01 17:45:00
15026,United Kingdom,80,3,464.2,154.73,36.779975278121135,2011-09-20 13:52:00
13900,United Kingdom,183,3,740.95,246.98,36.75525339925834,2011-06-09 19:26:00
18062,United Kingdom,173,3,720.52,240.17,36.70580964153275,2011-06-19 14:47:00
17277,United Kingdom,228,2,1065.3500000000001,532.68,36.59456118665018,2011-04-26 12:47:00
17892,United Kingdom,56,3,244.1,81.37,36.5451174289246,2011-10-14 16:49:00
15104,United Kingdom,197,2,1027.44,513.72,36.49567367119901,2011-05-27 12:29:00
17849,United Kingdom,218,4,605.8000000000001,151.45,36.29789864029666,2011-05-05 13:46:00
14154,United Kingdom,239,1,1345.62,1345.62,36.22991347342398,2011-04-14 16:26:00
15768,United Kingdom,116,3,621.8299999999999,207.28,36.137206427688504,2011-08-16 10:48:00
16980,United Kingdom,255,2,1078.96,539.48,36.10630407911001,2011-03-29 16:36:00
17179,United Kingdom,178,3,711.79,237.26,35.91470951792336,2011-06-14 16:48:00
14195,United Kingdom,202,2,1012.0,506.0,35.81582200247219,2011-05-22 10:29:00
14817,United Kingdom,200,2,1010.34,505.17,35.7540173053152,2011-05-23 13:35:00
14463,United Kingdom,98,3,529.62,176.54,35.7540173053152,2011-09-02 15:20:00
15636,United Kingdom,90,2,724.76,362.38,35.70457354758961,2011-09-11 11:17:00
14465,United Kingdom,247,2,1058.6200000000001,529.31,35.679851668726826,2011-04-07 12:38:00
16321,Australia,72,3,373.65000000000003,124.55,35.655129789864034,2011-09-28 14:55:00
14798,United Kingdom,53,3,173.74,57.91,35.605686032138436,2011-10-18 10:58:00
16955,United Kingdom,185,4,518.67,129.67,35.54388133498146,2011-06-08 10:36:00
13963,United Kingdom,308,4,664.54,166.14,35.48207663782447,2011-02-04 14:43:00
12535,France,92,2,716.35,358.18,35.28430160692213,2011-09-09 08:48:00
14867,United Kingdom,186,3,710.28,236.76,35.210135970333745,2011-06-07 11:39:00
15574,United Kingdom,178,3,702.25,234.08,35.11124845488257,2011-06-15 12:01:00
13000,United Kingdom,107,3,534.85,178.28,35.06180469715699,2011-08-25 10:43:00
17454,United Kingdom,192,4,517.53,129.38,35.06180469715699,2011-05-31 13:58:00
17472,United Kingdom,191,3,710.29,236.76,35.049443757725584,2011-06-01 14:57:00
13501,Switzerland,288,1,1340.32,1340.32,35.006180469715694,2011-02-24 18:59:00
14105,United Kingdom,239,1,1266.23,1266.23,34.93201483312732,2011-04-14 17:58:00
12815,Poland,148,2,863.46,431.73,34.85166872682324,2011-07-15 10:21:00
17312,United Kingdom,139,3,644.3,214.77,34.69097651421508,2011-07-24 11:52:00
18155,United Kingdom,75,3,371.62,123.87,34.66625463535229,2011-09-25 13:32:00
18248,United Kingdom,123,2,804.02,402.01,34.6168108776267,2011-08-09 10:19:00
17704,United Kingdom,169,2,885.19,442.6,34.29542645241038,2011-06-24 09:40:00
18064,United Kingdom,133,2,814.0,407.0,34.2459826946848,2011-07-29 16:39:00
16927,United Kingdom,116,3,543.05,181.02,34.221260815822,2011-08-16 11:10:00
15069,United Kingdom,179,1,1109.53,1109.53,34.06674907292954,2011-06-13 14:16:00
18037,United Kingdom,154,6,70.02,11.67,33.96168108776267,2011-07-08 13:39:00
13328,United Kingdom,316,1,1308.48,1308.48,33.8195302843016,2011-01-27 15:22:00
14513,United Kingdom,101,3,455.59000000000003,151.86,33.800988875154516,2011-08-31 11:25:00
12534,Germany,131,1,981.18,981.18,33.74536464771323,2011-08-01 10:26:00
12717,Greece,151,2,830.98,415.49,33.67737948084055,2011-07-11 14:47:00
17874,United Kingdom,185,3,683.46,227.82,33.61557478368356,2011-06-07 12:54:00
13151,United Kingdom,296,1,1257.8700000000001,1257.87,33.60939431396786,2011-02-17 12:29:00
12510,Spain,143,2,814.5699999999999,407.28,33.57849196538937,2011-07-20 10:15:00
13951,United Kingdom,176,3,674.45,224.82,33.4796044499382,2011-06-16 16:43:00
14021,United Kingdom,155,3,631.9,210.63,33.4796044499382,2011-07-07 15:46:00
15171,United Kingdom,331,1,1289.5,1289.5,33.4487021013597,2011-01-12 15:36:00
13217,United Kingdom,122,3,533.98,177.99,33.417799752781214,2011-08-09 15:32:00
16667,United Kingdom,68,2,570.13,285.06,33.25710754017305,2011-10-02 15:26:00
14625,United Kingdom,196,2,899.63,449.82,33.14585908529048,2011-05-27 15:32:00
14013,United Kingdom,110,3,473.02,157.67,33.0840543881335,2011-08-21 15:01:00
15480,Malta,116,1,905.5,905.5,33.065512978986405,2011-08-15 14:32:00
18196,United Kingdom,95,2,689.13,344.56,32.92336217552534,2011-09-05 16:22:00
12818,Austria,262,1,1182.0800000000002,1182.08,32.91718170580964,2011-03-23 12:06:00
13929,United Kingdom,169,2,842.65,421.32,32.87391841779975,2011-06-23 15:26:00
16573,United Kingdom,85,2,663.61,331.8,32.81211372064276,2011-09-16 09:13:00
14256,United Kingdom,260,2,969.0600000000001,484.53,32.81211372064276,2011-03-24 13:17:00
16309,United Kingdom,106,2,706.57,353.28,32.750309023485784,2011-08-25 15:35:00
15675,United Kingdom,81,3,323.69,107.9,32.737948084054395,2011-09-19 13:48:00
17029,United Kingdom,111,2,716.0,358.0,32.73794808405439,2011-08-21 11:06:00
12769,Brazil,239,1,1143.6,1143.6,32.707045735475894,2011-04-15 10:25:00
12527,Germany,82,3,330.71000000000004,110.24,32.70086526576019,2011-09-19 11:55:00
17429,United Kingdom,128,3,524.9200000000001,174.97,32.62669962917182,2011-08-03 13:22:00
14500,United Kingdom,88,3,356.85,118.95,32.57725587144623,2011-09-12 16:45:00
13294,United Kingdom,190,2,873.74,436.87,32.552533992583434,2011-06-03 08:54:00
16518,United Kingdom,61,2,484.32,242.16,32.540173053152046,2011-10-09 15:04:00
17695,United Kingdom,132,2,765.34,382.67,32.51545117428925,2011-07-31 10:40:00
14628,United Kingdom,91,2,671.96,335.98,32.33003708281829,2011-09-09 14:58:00
16567,United Kingdom,194,2,865.6,432.8,32.194066749072924,2011-05-29 13:57:00
13548,United Kingdom,96,2,682.41,341.2,32.181705809641535,2011-09-04 14:50:00
17190,United Kingdom,59,2,444.74,222.37,32.14462299134734,2011-10-12 11:33:00
13075,United Kingdom,130,1,919.61,919.61,32.12608158220025,2011-08-02 10:19:00
13261,United Kingdom,269,2,944.1,472.05,32.10754017305315,2011-03-16 12:22:00
14460,United Kingdom,110,3,434.34,144.78,32.09517923362176,2011-08-21 14:19:00
13140,United Kingdom,108,3,423.72,141.24,32.08281829419036,2011-08-23 15:33:00
15800,United Kingdom,107,2,699.08,349.54,32.070457354758965,2011-08-24 14:23:00
16644,United Kingdom,178,2,833.78,416.89,32.05809641532756,2011-06-15 12:39:00
16766,United Kingdom,273,1,1145.6,1145.6,31.9035846724351,2011-03-11 15:22:00
14778,United Kingdom,127,2,730.86,365.43,31.885043263288015,2011-08-04 15:23:00
17062,United Kingdom,314,4,533.33,133.33,31.847960444993817,2011-01-30 11:01:00
13730,United Kingdom,136,2,752.6,376.3,31.81087762669963,2011-07-27 08:35:00
17642,United Kingdom,120,2,712.29,356.14,31.81087762669963,2011-08-12 09:11:00
15107,United Kingdom,311,6,319.5,53.25,31.674907292954263,2011-02-01 14:46:00
17341,United Kingdom,157,2,781.36,390.68,31.5389369592089,2011-07-06 12:33:00
17674,United Kingdom,74,2,551.04,275.52,31.46477132262052,2011-09-26 13:35:00
12354,Spain,232,1,1079.4,1079.4,31.334981458590853,2011-04-21 13:11:00
14081,United Kingdom,302,2,934.52,467.26,31.316440049443763,2011-02-10 16:17:00
16997,United Kingdom,288,3,702.0,234.0,31.279357231149568,2011-02-24 17:28:00
17913,United Kingdom,59,2,411.6,205.8,31.1557478368356,2011-10-12 10:45:00
16714,United Kingdom,317,1,1146.53,1146.53,31.124845488257108,2011-01-26 13:46:00
16693,United Kingdom,69,2,482.01,241.0,31.081582200247222,2011-10-02 11:10:00
16859,United Kingdom,145,2,747.81,373.9,30.92088998763906,2011-07-18 12:19:00
14770,United Kingdom,232,2,876.42,438.21,30.92088998763906,2011-04-21 14:21:00
16716,United Kingdom,267,2,901.2,450.6,30.797280593325095,2011-03-18 10:03:00
17616,United Kingdom,174,3,571.1999999999999,190.4,30.73547589616811,2011-06-19 10:11:00
14958,United Kingdom,147,3,499.68,166.56,30.735475896168108,2011-07-15 14:20:00
17897,United Kingdom,173,3,566.6,188.87,30.710754017305312,2011-06-20 11:23:00
12593,France,109,3,382.09999999999997,127.37,30.550061804697158,2011-08-23 12:43:00
15333,United Kingdom,208,1,1028.56,1028.56,30.506798516687265,2011-05-15 13:27:00
17950,United Kingdom,72,2,482.2,241.1,30.500618046971574,2011-09-28 15:18:00
16462,United Kingdom,74,3,136.0,45.33,30.500618046971574,2011-09-27 10:24:00
13235,United Kingdom,212,1,1031.07,1031.07,30.48207663782448,2011-05-11 17:13:00
16112,United Kingdom,143,4,195.73999999999998,48.93,30.401730531520393,2011-07-19 14:28:00
16270,United Kingdom,353,1,1141.24,1141.24,30.3831891223733,2010-12-21 14:26:00
16163,United Kingdom,232,2,856.6,428.3,30.302843016069218,2011-04-21 15:15:00
13799,United Kingdom,117,2,688.86,344.43,30.203955500618047,2011-08-15 12:07:00
15045,United Kingdom,152,2,735.66,367.83,30.129789864029664,2011-07-11 11:33:00
17489,United Kingdom,59,2,376.64,188.32,30.043263288009893,2011-10-12 08:56:00
16723,United Kingdom,91,2,589.15,294.58,30.043263288009886,2011-09-09 13:01:00
15535,United Kingdom,173,3,536.4,178.8,30.030902348578493,2011-06-19 16:02:00
12878,United Kingdom,236,2,854.99,427.5,30.006180469715698,2011-04-17 13:07:00
17649,United Kingdom,138,1,868.49,868.49,29.987639060568604,2011-07-24 15:53:00
13873,United Kingdom,120,3,389.6,129.87,29.85784919653894,2011-08-12 10:08:00
16674,United Kingdom,55,2,319.61,159.8,29.758961681087765,2011-10-16 11:31:00
16603,United Kingdom,75,2,482.47,241.24,29.69715698393078,2011-09-26 10:06:00
13221,United Kingdom,240,2,844.86,422.43,29.561186650185412,2011-04-13 16:58:00
16948,United Kingdom,139,3,435.02,145.01,29.561186650185412,2011-07-24 12:46:00
17409,United Kingdom,185,2,771.85,385.92,29.38813349814586,2011-06-08 10:36:00
15462,United Kingdom,94,3,234.6,78.2,29.33868974042027,2011-09-06 13:11:00
12908,United Kingdom,176,2,750.0,375.0,29.252163164400496,2011-06-16 15:39:00
17990,United Kingdom,237,3,630.84,210.28,29.239802224969104,2011-04-17 11:44:00
17045,United Kingdom,113,3,339.44,113.15,29.165636588380718,2011-08-18 17:09:00
15074,United Kingdom,105,1,748.87,748.87,29.134734239802228,2011-08-26 14:45:00
14411,United Kingdom,311,1,1063.0,1063.0,29.03584672435105,2011-02-02 10:56:00
17955,United Kingdom,199,3,557.3,185.77,28.856613102595794,2011-05-25 12:00:00
17025,United Kingdom,61,2,357.77,178.88,28.831891223733003,2011-10-10 09:06:00
14920,United Kingdom,213,1,977.77,977.77,28.751545117428922,2011-05-11 10:32:00
15646,United Kingdom,158,3,447.64000000000004,149.21,28.67119901112484,2011-07-05 09:53:00
16441,United Kingdom,67,2,381.2,190.6,28.399258343634116,2011-10-03 17:48:00
14055,United Kingdom,106,1,725.6400000000001,725.64,28.343634116192828,2011-08-25 15:04:00
14450,United Kingdom,181,3,483.25,161.08,28.337453646477133,2011-06-12 10:46:00
15076,United Kingdom,173,1,880.85,880.85,28.257107540173052,2011-06-20 08:23:00
12514,Italy,267,1,1017.68,1017.68,28.244746600741657,2011-03-17 16:38:00
16629,United Kingdom,74,2,417.73,208.86,28.189122373300368,2011-09-27 10:34:00
17771,United Kingdom,57,2,245.33,122.66,28.0655129789864,2011-10-14 11:43:00
15464,United Kingdom,338,1,1048.85,1048.85,27.99752781211372,2011-01-05 15:56:00
12845,United Kingdom,267,4,354.09,88.52,27.991347342398022,2011-03-17 13:34:00
15780,United Kingdom,184,3,475.28000000000003,158.43,27.92954264524104,2011-06-09 12:01:00
16689,United Kingdom,76,2,422.59999999999997,211.3,27.892459826946848,2011-09-25 11:39:00
18133,United Kingdom,212,1,931.4999999999999,931.5,27.886279357231153,2011-05-11 14:14:00
17181,United Kingdom,57,2,239.92000000000002,119.96,27.81829419035847,2011-10-13 14:48:00
13707,United Kingdom,267,2,806.41,403.2,27.521631644004945,2011-03-17 18:03:00
17615,United Kingdom,130,3,329.6,109.87,27.286773794808404,2011-08-01 14:06:00
14672,United Kingdom,235,2,765.55,382.78,27.10135970333745,2011-04-19 10:19:00
15223,United Kingdom,226,2,755.75,377.88,27.02719406674907,2011-04-28 11:31:00
15700,United Kingdom,172,2,696.68,348.34,27.002472187886283,2011-06-20 16:53:00
15353,United Kingdom,255,2,777.02,388.51,26.928306551297894,2011-03-30 12:15:00
18151,United Kingdom,135,2,653.35,326.68,26.87886279357231,2011-07-28 11:35:00
14885,United Kingdom,132,1,765.3199999999999,765.32,26.872682323856612,2011-07-31 12:05:00
12999,United Kingdom,196,3,455.88,151.96,26.86650185414091,2011-05-27 13:24:00
14643,United Kingdom,170,2,693.8100000000001,346.9,26.84177997527812,2011-06-22 14:41:00
15649,United Kingdom,336,2,816.0,408.0,26.829419035846726,2011-01-07 13:34:00
16054,United Kingdom,145,1,783.9,783.9,26.761433868974045,2011-07-17 13:08:00
18121,United Kingdom,149,2,673.1,336.55,26.74289245982695,2011-07-13 12:53:00
14176,United Kingdom,297,3,576.9000000000001,192.3,26.681087762669964,2011-02-15 13:12:00
16546,United Kingdom,291,2,787.15,393.58,26.619283065512978,2011-02-22 11:20:00
16788,United Kingdom,123,2,595.83,297.92,26.58220024721879,2011-08-08 14:53:00
17298,United Kingdom,101,2,498.42,249.21,26.483312731767615,2011-08-30 16:43:00
13003,United Kingdom,106,3,149.05,49.68,26.470951792336216,2011-08-26 10:50:00
13856,United Kingdom,169,3,388.5,129.5,26.40914709517923,2011-06-24 10:03:00
16034,United Kingdom,196,3,437.7,145.9,26.310259579728058,2011-05-27 16:17:00
17765,United Kingdom,159,3,371.88,123.96,26.260815822002474,2011-07-04 12:41:00
17912,United Kingdom,310,4,311.01,77.75,26.11248454882571,2011-02-02 14:25:00
16449,United Kingdom,198,2,707.69,353.84,26.06304079110012,2011-05-26 10:25:00
13583,United Kingdom,156,1,781.03,781.03,26.019777503090236,2011-07-07 10:40:00
13339,United Kingdom,201,1,860.12,860.12,25.933250927070457,2011-05-23 08:31:00
17105,United Kingdom,159,2,665.78,332.89,25.803461063040796,2011-07-03 15:53:00
13934,United Kingdom,264,1,922.1,922.1,25.760197775030903,2011-03-21 08:39:00
15334,United Kingdom,157,3,348.72,116.24,25.7540173053152,2011-07-06 11:22:00
16276,United Kingdom,177,1,810.6000000000001,810.6,25.636588380716933,2011-06-16 09:34:00
16861,United Kingdom,60,2,173.76,86.88,25.568603213844256,2011-10-11 09:05:00
16216,United Kingdom,267,1,914.9300000000001,914.93,25.525339925834363,2011-03-17 15:34:00
14009,United Kingdom,198,2,695.61,347.8,25.321384425216316,2011-05-25 15:47:00
12414,Austria,217,3,442.41,147.47,25.30902348578492,2011-05-06 14:51:00
17783,United Kingdom,72,2,283.47,141.74,25.247218788627933,2011-09-28 16:07:00
16998,United Kingdom,150,3,295.0,98.33,25.17305315203956,2011-07-13 09:44:00
17259,United Kingdom,148,2,603.37,301.68,25.08652657601978,2011-07-14 15:01:00
17749,United Kingdom,178,2,674.52,337.26,25.07416563658838,2011-06-14 15:45:00
16780,United Kingdom,100,2,425.19,212.6,24.826946847960446,2011-08-31 16:09:00
17375,United Kingdom,199,3,400.1,133.37,24.77750309023486,2011-05-24 15:45:00
16473,United Kingdom,165,3,316.11,105.37,24.616810877626698,2011-06-28 09:10:00
15881,United Kingdom,312,3,501.39000000000004,167.13,24.530284301606923,2011-01-31 16:59:00
12453,Austria,134,1,707.09,707.09,24.375772558714466,2011-07-28 14:08:00
17265,United Kingdom,139,2,562.9,281.45,24.34487021013597,2011-07-24 10:49:00
16690,United Kingdom,72,2,225.57999999999998,112.79,24.196538936959207,2011-09-28 15:02:00
16778,United Kingdom,74,2,245.94,122.97,24.171817058096412,2011-09-26 13:48:00
17376,United Kingdom,71,2,203.2,101.6,24.15945611866502,2011-09-30 12:36:00
17829,United Arab Emirates,299,1,889.24,889.24,24.140914709517922,2011-02-14 12:46:00
17134,United Kingdom,107,2,425.0,212.5,24.03584672435105,2011-08-25 09:53:00
16866,United Kingdom,141,3,207.73999999999998,69.25,23.99876390605686,2011-07-22 10:06:00
12418,Switzerland,113,1,668.58,668.58,23.99258343634116,2011-08-19 11:08:00
12891,United Kingdom,186,3,331.0,110.33,23.776266996291717,2011-06-07 12:31:00
15832,United Kingdom,254,1,836.79,836.79,23.54758961681088,2011-03-30 15:29:00
13355,United Kingdom,122,1,674.7,674.7,23.423980222496912,2011-08-09 14:48:00
16010,United Kingdom,246,3,407.5,135.83,23.331273176761435,2011-04-08 10:14:00
14616,United Kingdom,243,3,406.08000000000004,135.36,23.31891223733004,2011-04-11 09:54:00
17786,United Kingdom,85,2,278.74,139.37,22.985166872682328,2011-09-15 12:51:00
17189,United Kingdom,106,2,384.40000000000003,192.2,22.98516687268232,2011-08-25 19:39:00
18218,United Kingdom,211,2,662.08,331.04,22.911001236093945,2011-05-12 12:53:00
13388,United Kingdom,131,1,677.1,677.1,22.74412855377009,2011-07-31 12:52:00
16777,United Kingdom,80,2,226.35,113.18,22.601977750309022,2011-09-20 13:41:00
16494,United Kingdom,297,1,826.53,826.53,22.435105067985166,2011-02-16 12:49:00
16222,United Kingdom,318,1,846.72,846.72,22.373300370828183,2011-01-25 13:38:00
13893,United Kingdom,298,1,821.1,821.1,22.26205191594561,2011-02-15 11:30:00
17229,United Kingdom,96,2,318.76,159.38,22.169344870210132,2011-09-04 13:56:00
16431,United Kingdom,213,2,642.81,321.4,22.095179233621757,2011-05-10 14:09:00
14779,United Kingdom,281,3,386.15,128.72,22.021013597033377,2011-03-04 12:42:00
16378,United Kingdom,247,3,362.95,120.98,21.922126081582203,2011-04-06 15:07:00
12735,France,315,2,689.5699999999999,344.78,21.761433868974038,2011-01-28 13:37:00
18085,United Kingdom,330,2,689.95,344.98,21.637824474660075,2011-01-13 15:17:00
17391,United Kingdom,164,2,508.8,254.4,21.60074165636588,2011-06-29 09:58:00
16838,United Kingdom,197,2,588.85,294.42,21.477132262051917,2011-05-26 13:13:00
18183,United Kingdom,227,2,632.07,316.04,21.427688504326326,2011-04-26 15:26:00
16226,United Kingdom,203,3,255.12,85.04,21.41532756489493,2011-05-20 14:41:00
16832,United Kingdom,184,3,199.15,66.38,21.31644004944376,2011-06-08 15:36:00
12976,United Kingdom,212,1,738.6,738.6,21.273176761433866,2011-05-12 09:55:00
16808,United Kingdom,99,2,288.42,144.21,21.254635352286773,2011-09-01 19:34:00
17630,United Kingdom,170,2,503.59999999999997,251.8,21.217552533992585,2011-06-23 11:58:00
17339,United Kingdom,94,2,243.36,121.68,21.21755253399258,2011-09-06 13:29:00
17742,United Kingdom,113,2,355.11,177.56,21.168108776266994,2011-08-18 15:28:00
13341,United Kingdom,261,1,775.85,775.85,21.1495673671199,2011-03-24 09:50:00
17898,United Kingdom,85,2,152.06,76.03,20.883807169344873,2011-09-15 14:56:00
17931,United Kingdom,134,2,408.36,204.18,20.80964153275649,2011-07-28 18:33:00
16356,United Kingdom,198,3,211.77,70.59,20.64894932014833,2011-05-26 11:51:00
15759,United Kingdom,218,3,253.04,84.35,20.64894932014833,2011-05-05 15:13:00
17926,United Kingdom,133,2,397.29,198.64,20.525339925834363,2011-07-29 14:39:00
17252,United Kingdom,117,2,353.86,176.93,20.50061804697157,2011-08-15 09:45:00
12652,France,331,1,793.98,793.98,20.284301606922124,2011-01-12 15:00:00
16256,United Kingdom,267,1,752.4300000000001,752.43,20.14833127317676,2011-03-18 12:18:00
14222,United Kingdom,177,1,683.17,683.17,20.135970333745366,2011-06-15 16:42:00
17507,United Kingdom,262,2,605.58,302.79,20.01854140914709,2011-03-23 11:48:00
16805,United Kingdom,174,2,460.59,230.3,19.894932014833127,2011-06-19 11:23:00
17256,United Kingdom,107,2,240.0,120.0,19.585908529048208,2011-08-24 13:30:00
13753,United Kingdom,288,1,741.26,741.26,19.36959208899876,2011-02-25 12:48:00
17580,United Kingdom,253,3,212.77,70.92,18.856613102595794,2011-04-01 12:41:00
13370,United Kingdom,372,1,754.87,754.87,18.714462299134734,2010-12-03 10:26:00
17890,United Kingdom,323,2,602.09,301.04,18.57231149567367,2011-01-21 11:19:00
17374,United Kingdom,219,2,495.77,247.88,18.18912237330037,2011-05-05 09:05:00
18095,United Kingdom,313,2,580.0500000000001,290.03,18.053152039555005,2011-01-31 12:50:00
16484,United Kingdom,174,2,404.3,202.15,18.04079110012361,2011-06-19 12:06:00
18018,United Kingdom,108,2,122.14,61.07,17.595797280593324,2011-08-23 17:37:00
16835,United Kingdom,128,2,180.85,90.42,16.347342398022246,2011-08-03 13:50:00
16377,United Kingdom,267,1,676.2,676.2,16.254635352286773,2011-03-17 15:41:00
18071,United Kingdom,258,2,453.0,226.5,16.211372064276887,2011-03-27 11:59:00
17795,United Kingdom,180,2,350.39,175.2,16.112484548825712,2011-06-13 12:36:00
17035,United Kingdom,246,2,433.53000000000003,216.76,15.828182941903584,2011-04-08 11:23:00
16957,United Kingdom,239,2,416.64,208.32,15.543881334981457,2011-04-14 13:56:00
17392,United Kingdom,307,2,451.91,225.96,15.135970333745362,2011-02-06 12:48:00
18146,United Kingdom,141,2,160.35000000000002,80.18,15.074165636588377,2011-07-22 12:08:00
17854,United Kingdom,185,2,311.26,155.63,14.987639060568602,2011-06-07 16:21:00
17935,United Kingdom,138,2,142.89,71.44,14.925834363411617,2011-07-24 13:18:00
17969,United Kingdom,166,2,228.2,114.1,14.703337453646476,2011-06-26 13:00:00
17440,United Kingdom,157,2,186.42000000000002,93.21,14.357231149567367,2011-07-06 11:54:00
17781,United Kingdom,159,2,188.02,94.01,14.245982694684795,2011-07-03 16:00:00
16647,United Kingdom,170,2,214.06,107.03,14.171817058096414,2011-06-23 11:47:00
16552,United Kingdom,243,2,379.73,189.86,14.14709517923362,2011-04-11 10:04:00
16883,United Kingdom,187,2,276.73,138.36,14.11001236093943,2011-06-05 12:51:00
18190,United Kingdom,192,2,284.46000000000004,142.23,14.072929542645241,2011-05-31 14:48:00
18078,United Kingdom,217,2,336.13,168.06,14.03584672435105,2011-05-06 14:32:00
17708,United Kingdom,188,2,267.08,133.54,13.96168108776267,2011-06-05 10:12:00
17550,United Kingdom,197,2,267.16,133.58,13.566131025957972,2011-05-26 14:09:00
17223,United Kingdom,310,2,391.79,195.9,13.343634116192831,2011-02-02 15:57:00
16498,United Kingdom,161,2,100.97,50.48,13.269468479604448,2011-07-01 15:07:00
17604,United Kingdom,217,2,309.36,154.68,13.232385661310259,2011-05-06 13:43:00
17362,United Kingdom,239,2,312.23,156.12,12.700865265760196,2011-04-14 14:43:00
17358,United Kingdom,303,2,365.85,182.92,12.589616810877628,2011-02-09 16:57:00
17026,United Kingdom,185,2,154.82999999999998,77.41,12.391841779975277,2011-06-07 14:28:00
17446,United Kingdom,177,2,120.9,60.45,12.367119901112483,2011-06-16 10:42:00
17707,United Kingdom,185,2,152.4,76.2,12.330037082818293,2011-06-07 15:03:00
16499,United Kingdom,360,2,365.45,182.72,11.76143386897404,2010-12-14 13:31:00
17889,United Kingdom,212,2,203.87,101.94,11.650185414091471,2011-05-11 16:26:00
16634,United Kingdom,223,2,217.9,108.95,11.440049443757724,2011-05-01 12:09:00
17334,United Kingdom,302,2,307.02,153.51,11.10630407911001,2011-02-10 14:59:00
16897,United Kingdom,299,2,289.78,144.89,10.99505562422744,2011-02-13 15:02:00
17691,United Kingdom,358,2,290.40000000000003,145.2,10.19159456118665,2010-12-16 17:20:00
17946,United Kingdom,233,2,149.57999999999998,74.79,10.10506798516687,2011-04-20 17:00:00
17991,United Kingdom,225,2,93.35,46.68,9.870210135970332,2011-04-28 15:58:00
